date,region,category,commodity,unit,price_php,ma_7_day,ma_30_day,volatility_30_day,momentum_pct,change_7d_pct,change_30d_pct
2026-02-22,BARMM (Bangsamoro Autonomous Region),Fish,Alumahan,kg,175.81,167.62142857142857,173.42433333333335,8.144722295104224,-3.35,2.99,-1.87
2026-02-22,BARMM (Bangsamoro Autonomous Region),Vegetables,Ampalaya,kg,92.65,93.69714285714285,92.042,3.534654448311094,1.8,-3.69,-0.91
2026-02-22,BARMM (Bangsamoro Autonomous Region),Fruits,Avocado,kg,76.88,75.52857142857144,77.68299999999999,3.3542871692497345,-2.77,-1.16,-3.84
2026-02-22,BARMM (Bangsamoro Autonomous Region),Fruits,Banana (Lakatan),kg,56.93,59.55714285714286,60.716,2.0218779253029817,-1.91,-0.47,-8.38
2026-02-22,BARMM (Bangsamoro Autonomous Region),Fruits,Banana (Latundan),kg,56.68,58.410000000000004,57.346999999999994,1.7750767831862624,1.85,-5.42,1.38
2026-02-22,BARMM (Bangsamoro Autonomous Region),Fish,Bangus (Milkfish),kg,196.28,191.94571428571427,187.568,5.682117987826697,2.33,-0.7,7.45
2026-02-22,BARMM (Bangsamoro Autonomous Region),Meat,Beef Brisket,kg,408.67,395.0942857142857,380.81,14.236234730796918,3.75,7.58,10.51
2026-02-22,BARMM (Bangsamoro Autonomous Region),Meat,Beef Rump,kg,404.55,380.6328571428572,385.02466666666663,15.401691741680418,-1.14,9.63,5.51
2026-02-22,BARMM (Bangsamoro Autonomous Region),Vegetables,Bell Pepper (Green),kg,120.94,114.78142857142856,115.51299999999999,3.760056997000131,-0.63,0.33,-3.75
2026-02-22,BARMM (Bangsamoro Autonomous Region),Vegetables,Cabbage,kg,62.47,65.05857142857143,67.28133333333334,2.9514259947182686,-3.3,-7.01,-13.68
2026-02-22,BARMM (Bangsamoro Autonomous Region),Meat,Chicken (Dressed),kg,175.95,170.66,177.93766666666667,9.782829321838898,-4.09,2.51,-4.71
2026-02-22,BARMM (Bangsamoro Autonomous Region),Vegetables,Eggplant (Talong),kg,76.74,73.90428571428572,72.50966666666666,2.45726155869009,1.92,0.56,8.19
2026-02-22,BARMM (Bangsamoro Autonomous Region),Fish,Galunggong,kg,255.85,248.6757142857143,242.22766666666666,8.27432867714794,2.66,-0.84,2.94
2026-02-22,BARMM (Bangsamoro Autonomous Region),Fruits,Mango,kg,100.36,100.75571428571429,100.96199999999999,3.563765346971626,-0.2,-4.56,-4.82
2026-02-22,BARMM (Bangsamoro Autonomous Region),Fruits,Papaya,kg,51.37,51.744285714285716,50.98266666666667,1.759976358252914,1.49,-4.82,0.63
2026-02-22,BARMM (Bangsamoro Autonomous Region),Meat,Pork Belly (Kasim),kg,286.99,273.39428571428573,276.44466666666665,9.472214442081773,-1.1,8.52,-0.52
2026-02-22,BARMM (Bangsamoro Autonomous Region),Meat,Pork Ham (Pigue),kg,356.79,344.87,341.32533333333333,11.557426552037885,1.04,-1.15,5.19
2026-02-22,BARMM (Bangsamoro Autonomous Region),Rice,Rice (Regular Milled),kg,44.46,43.238571428571426,44.39433333333333,1.755051199436552,-2.6,2.4,-1.83
2026-02-22,BARMM (Bangsamoro Autonomous Region),Rice,Rice (Special),kg,68.1,65.84,64.41833333333334,1.9547097559190523,2.21,2.34,3.57
2026-02-22,BARMM (Bangsamoro Autonomous Region),Rice,Rice (Well Milled),kg,48.21,49.06857142857143,49.90233333333334,1.520693315865985,-1.67,-3.85,-10.77
2026-02-22,BARMM (Bangsamoro Autonomous Region),Vegetables,Squash (Kalabasa),kg,36.45,36.77714285714286,38.48366666666667,1.6856114890312255,-4.43,0.39,-6.75
2026-02-22,BARMM (Bangsamoro Autonomous Region),Fish,Tilapia,kg,117.9,115.48428571428573,118.45700000000001,5.375595011172146,-2.51,7.24,-8.38
2026-02-22,BARMM (Bangsamoro Autonomous Region),Vegetables,Tomato,kg,59.36,58.89142857142856,57.94766666666667,1.901253095548676,1.63,-1.4,10.48
2026-02-22,BARMM (Bangsamoro Autonomous Region),Meat,Whole Chicken,kg,219.81,214.52571428571426,210.04500000000002,6.060197305311998,2.13,4.55,5.22
2026-02-22,CAR (Cordillera Administrative Region),Fish,Alumahan,kg,209.84,209.30571428571426,208.58399999999997,7.839271869776935,0.35,-2.54,7.11
2026-02-22,CAR (Cordillera Administrative Region),Vegetables,Ampalaya,kg,81.22,80.25714285714285,82.01033333333334,2.6655354425334945,-2.14,4.72,-1.97
2026-02-22,CAR (Cordillera Administrative Region),Fruits,Avocado,kg,80.95,82.99428571428572,83.64666666666666,2.51162858737504,-0.78,-2.72,-4.88
2026-02-22,CAR (Cordillera Administrative Region),Fruits,Banana (Lakatan),kg,61.69,62.261428571428574,63.035999999999994,2.098312293906343,-1.23,-4.96,-3.5
2026-02-22,CAR (Cordillera Administrative Region),Fruits,Banana (Latundan),kg,59.18,58.89857142857142,58.651,1.8143800119010878,0.42,-0.72,2.44
2026-02-22,CAR (Cordillera Administrative Region),Fish,Bangus (Milkfish),kg,194.79,188.12142857142857,185.278,5.398116785286036,1.53,4.2,9.35
2026-02-22,CAR (Cordillera Administrative Region),Meat,Beef Brisket,kg,290.25,300.4114285714286,308.7296666666667,13.64958594378513,-2.69,-2.57,-18.39
2026-02-22,CAR (Cordillera Administrative Region),Meat,Beef Rump,kg,377.54,358.0657142857143,372.5416666666667,17.491497064008932,-3.89,2.49,-9.81
2026-02-22,CAR (Cordillera Administrative Region),Vegetables,Bell Pepper (Green),kg,142.78,139.52857142857144,137.969,4.439093841982927,1.13,5.9,3.08
2026-02-22,CAR (Cordillera Administrative Region),Vegetables,Cabbage,kg,88.63,86.87,85.355,3.2807198011706133,1.77,3.88,2.3
2026-02-22,CAR (Cordillera Administrative Region),Meat,Chicken (Dressed),kg,201.97,190.10857142857142,194.111,7.124764170325837,-2.06,5.79,1.2
2026-02-22,CAR (Cordillera Administrative Region),Vegetables,Eggplant (Talong),kg,59.72,58.47571428571428,60.409666666666666,2.1444032741764936,-3.2,-1.63,-4.03
2026-02-22,CAR (Cordillera Administrative Region),Fish,Galunggong,kg,259.36,251.07714285714286,245.74200000000002,8.284269846917724,2.17,3.6,6.36
2026-02-22,CAR (Cordillera Administrative Region),Fruits,Mango,kg,124.53,122.2,118.88666666666668,4.127759961389599,2.79,3.03,5.27
2026-02-22,CAR (Cordillera Administrative Region),Fruits,Papaya,kg,43.51,45.57,46.22966666666666,1.9397626647098563,-1.43,-10.6,-0.32
2026-02-22,CAR (Cordillera Administrative Region),Meat,Pork Belly (Kasim),kg,263.7,270.1557142857143,276.1206666666667,12.105022876912715,-2.16,1.03,-3.54
2026-02-22,CAR (Cordillera Administrative Region),Meat,Pork Ham (Pigue),kg,255.81,268.6257142857143,286.74566666666664,15.428997483094648,-6.32,-11.56,-16.66
2026-02-22,CAR (Cordillera Administrative Region),Rice,Rice (Regular Milled),kg,43.95,44.40285714285715,45.68766666666667,1.8821387015716797,-2.81,-2.03,-10.14
2026-02-22,CAR (Cordillera Administrative Region),Rice,Rice (Special),kg,50.89,50.18,53.149,2.4422577880822045,-5.59,1.58,-13.38
2026-02-22,CAR (Cordillera Administrative Region),Rice,Rice (Well Milled),kg,49.62,48.48142857142857,50.03366666666667,2.0171497189118184,-3.1,0.59,-10.22
2026-02-22,CAR (Cordillera Administrative Region),Vegetables,Squash (Kalabasa),kg,50.21,49.70285714285715,48.53433333333333,1.822960236260924,2.41,-2.66,4.11
2026-02-22,CAR (Cordillera Administrative Region),Fish,Tilapia,kg,125.93,120.47571428571428,123.49266666666666,4.322984228941534,-2.44,4.65,-0.3
2026-02-22,CAR (Cordillera Administrative Region),Vegetables,Tomato,kg,59.59,60.825714285714284,59.708999999999996,1.845760006067971,1.87,2.62,0.9
2026-02-22,CAR (Cordillera Administrative Region),Meat,Whole Chicken,kg,217.79,225.18571428571428,217.89166666666668,9.398658041896326,3.35,-5.36,0.25
2026-02-22,NCR (National Capital Region),Fish,Alumahan,kg,151.22,155.77142857142857,160.39666666666665,6.416883620753879,-2.88,-0.46,-15.42
2026-02-22,NCR (National Capital Region),Vegetables,Ampalaya,kg,69.9,68.75,70.29133333333334,2.351608009402298,-2.19,2.16,-3.76
2026-02-22,NCR (National Capital Region),Fruits,Avocado,kg,60.98,64.35571428571428,66.837,2.510158876686233,-3.71,-8.64,-14.35
2026-02-22,NCR (National Capital Region),Fruits,Banana (Lakatan),kg,63.04,64.54857142857142,63.418,2.0242928096770645,1.78,-4.12,0.05
2026-02-22,NCR (National Capital Region),Fruits,Banana (Latundan),kg,43.79,44.22428571428571,44.89433333333333,1.4427361058989114,-1.49,0.57,-5.85
2026-02-22,NCR (National Capital Region),Fish,Bangus (Milkfish),kg,162.32,164.66571428571427,162.89066666666668,4.849395933468457,1.09,-2.1,3.13
2026-02-22,NCR (National Capital Region),Meat,Beef Brisket,kg,277.07,266.3628571428572,271.3906666666667,12.680253161111715,-1.85,7.48,-7.85
2026-02-22,NCR (National Capital Region),Meat,Beef Rump,kg,356.57,336.5885714285714,345.32800000000003,14.026847754611088,-2.53,3.57,-4.87
2026-02-22,NCR (National Capital Region),Vegetables,Bell Pepper (Green),kg,132.79,132.94571428571427,128.88733333333332,5.636768414696409,3.15,2.37,9.38
2026-02-22,NCR (National Capital Region),Vegetables,Cabbage,kg,57.96,57.50857142857143,58.81666666666667,2.7699300792037707,-2.22,1.52,-8.98
2026-02-22,NCR (National Capital Region),Meat,Chicken (Dressed),kg,201.68,192.48142857142855,190.726,7.0747933319395235,0.92,1.61,7.92
2026-02-22,NCR (National Capital Region),Vegetables,Eggplant (Talong),kg,64.73,64.35857142857142,62.79466666666667,1.7465941899502244,2.49,-0.96,7.49
2026-02-22,NCR (National Capital Region),Fish,Galunggong,kg,213.34,205.5,203.71633333333335,8.224035624559374,0.88,-3.33,7.79
2026-02-22,NCR (National Capital Region),Fruits,Mango,kg,111.82,109.83857142857143,107.01833333333335,3.5385425436657956,2.64,2.57,5.37
2026-02-22,NCR (National Capital Region),Fruits,Papaya,kg,49.6,49.394285714285715,47.79366666666667,1.6221005609656407,3.35,2.02,8.2
2026-02-22,NCR (National Capital Region),Meat,Pork Belly (Kasim),kg,316.6,310.69428571428574,300.42466666666667,10.068098383382825,3.42,2.7,9.69
2026-02-22,NCR (National Capital Region),Meat,Pork Ham (Pigue),kg,269.12,267.7042857142857,275.492,8.892779093174509,-2.83,0.37,-6.99
2026-02-22,NCR (National Capital Region),Rice,Rice (Regular Milled),kg,40.42,39.962857142857146,40.84833333333333,1.6800350639471595,-2.17,-0.32,-0.83
2026-02-22,NCR (National Capital Region),Rice,Rice (Special),kg,60.06,60.208571428571425,58.159,2.044803927873859,3.52,4.16,3.25
2026-02-22,NCR (National Capital Region),Rice,Rice (Well Milled),kg,50.35,51.72571428571429,50.67933333333334,1.328680790738736,2.06,3.07,-1.39
2026-02-22,NCR (National Capital Region),Vegetables,Squash (Kalabasa),kg,38.97,40.73571428571428,40.46033333333333,1.0034062103597472,0.68,-4.74,-6.41
2026-02-22,NCR (National Capital Region),Fish,Tilapia,kg,101.17,101.13142857142859,104.762,4.305047078119768,-3.47,-3.08,-6.45
2026-02-22,NCR (National Capital Region),Vegetables,Tomato,kg,50.06,51.27142857142858,50.494,1.5078132144450673,1.54,-1.59,-0.58
2026-02-22,NCR (National Capital Region),Meat,Whole Chicken,kg,191.2,194.54999999999998,189.80666666666667,5.842739280410276,2.5,-3.21,7.1
2026-02-22,Region I (Ilocos Region),Fish,Alumahan,kg,192.66,181.1757142857143,187.4613333333333,7.259123502392578,-3.35,3.03,5.37
2026-02-22,Region I (Ilocos Region),Vegetables,Ampalaya,kg,98.2,97.73714285714286,97.40100000000001,2.7507508065980715,0.35,3.11,2.53
2026-02-22,Region I (Ilocos Region),Fruits,Avocado,kg,81.6,82.81285714285715,84.79833333333335,2.488098683226096,-2.34,-6.73,-10.09
2026-02-22,Region I (Ilocos Region),Fruits,Banana (Lakatan),kg,78.46,73.81142857142856,72.99,3.2425979367338322,1.13,5.09,9.03
2026-02-22,Region I (Ilocos Region),Fruits,Banana (Latundan),kg,48.75,48.42857142857143,49.95466666666667,2.1483766659621635,-3.05,2.03,-13.61
2026-02-22,Region I (Ilocos Region),Fish,Bangus (Milkfish),kg,179.73,169.6314285714286,171.0773333333333,7.722380342933118,-0.85,6.96,3.12
2026-02-22,Region I (Ilocos Region),Meat,Beef Brisket,kg,399.51,404.8985714285714,396.34499999999997,11.760650565514364,2.16,-2.84,0.9
2026-02-22,Region I (Ilocos Region),Meat,Beef Rump,kg,450.24,464.7257142857143,456.302,17.499604409321872,1.85,-2.63,2.09
2026-02-22,Region I (Ilocos Region),Vegetables,Bell Pepper (Green),kg,156.39,152.93714285714285,149.24333333333334,4.9408161641387105,2.48,2.89,3.44
2026-02-22,Region I (Ilocos Region),Vegetables,Cabbage,kg,68.88,68.59,70.63033333333334,2.974053872541897,-2.89,-4.01,-7.12
2026-02-22,Region I (Ilocos Region),Meat,Chicken (Dressed),kg,188.3,188.25428571428574,192.04166666666666,7.8245004614521765,-1.97,-1.86,-8.33
2026-02-22,Region I (Ilocos Region),Vegetables,Eggplant (Talong),kg,61.77,58.61142857142857,60.881,2.970649934691475,-3.73,2.57,-0.56
2026-02-22,Region I (Ilocos Region),Fish,Galunggong,kg,261.05,256.60571428571427,249.42766666666665,9.736858405522545,2.88,-0.78,8.7
2026-02-22,Region I (Ilocos Region),Fruits,Mango,kg,119.58,119.25142857142858,120.106,3.281932357621009,-0.71,-2.93,-1.92
2026-02-22,Region I (Ilocos Region),Fruits,Papaya,kg,59.52,59.285714285714285,57.36133333333333,2.7095065504859983,3.35,-3.86,5.96
2026-02-22,Region I (Ilocos Region),Meat,Pork Belly (Kasim),kg,293.2,276.03285714285715,287.88933333333335,12.376153079914332,-4.12,3.04,-3.42
2026-02-22,Region I (Ilocos Region),Meat,Pork Ham (Pigue),kg,312.54,308.8442857142857,314.6786666666667,9.696865378096247,-1.85,-5.1,-0.04
2026-02-22,Region I (Ilocos Region),Rice,Rice (Regular Milled),kg,47.96,45.550000000000004,46.664,1.7608140750506618,-2.39,5.38,-1.48
2026-02-22,Region I (Ilocos Region),Rice,Rice (Special),kg,72.35,70.96428571428571,70.06933333333333,2.2808557579350017,1.28,-3.6,3.4
2026-02-22,Region I (Ilocos Region),Rice,Rice (Well Milled),kg,59.24,61.681428571428576,60.349000000000004,1.9494196306982572,2.21,-1.99,-4.57
2026-02-22,Region I (Ilocos Region),Vegetables,Squash (Kalabasa),kg,38.81,40.57,41.15533333333333,1.6715318873938907,-1.42,-5.89,-9.68
2026-02-22,Region I (Ilocos Region),Fish,Tilapia,kg,124.76,120.94285714285715,122.15733333333333,4.265184584543972,-0.99,4.55,-7.4
2026-02-22,Region I (Ilocos Region),Vegetables,Tomato,kg,65.62,64.31857142857143,62.60066666666667,2.175271577707408,2.74,-0.05,5.45
2026-02-22,Region I (Ilocos Region),Meat,Whole Chicken,kg,224.88,224.81,220.82766666666666,6.417175059722538,1.8,-3.06,1.17
2026-02-22,Region II (Cagayan Valley),Fish,Alumahan,kg,177.1,175.68857142857146,178.75333333333336,6.764870890188467,-1.71,-1.45,-8.23
2026-02-22,Region II (Cagayan Valley),Vegetables,Ampalaya,kg,74.14,75.60142857142857,78.47066666666666,2.9764314821302746,-3.66,-6.44,-1.01
2026-02-22,Region II (Cagayan Valley),Fruits,Avocado,kg,98.61,96.2,94.26266666666666,3.8622522760273146,2.06,1.58,7.71
2026-02-22,Region II (Cagayan Valley),Fruits,Banana (Lakatan),kg,65.44,66.7042857142857,67.08433333333333,1.985286713130714,-0.57,-2.76,-1.48
2026-02-22,Region II (Cagayan Valley),Fruits,Banana (Latundan),kg,59.22,58.86,57.16,2.0308958444574254,2.97,4.94,1.23
2026-02-22,Region II (Cagayan Valley),Fish,Bangus (Milkfish),kg,186.76,184.60999999999999,181.0,6.466595864051315,1.99,-1.95,7.09
2026-02-22,Region II (Cagayan Valley),Meat,Beef Brisket,kg,320.87,305.6171428571429,309.55,15.144330451610655,-1.27,11.27,-0.62
2026-02-22,Region II (Cagayan Valley),Meat,Beef Rump,kg,441.14,448.45285714285717,442.66566666666665,12.815161463412906,1.31,-3.96,-1.47
2026-02-22,Region II (Cagayan Valley),Vegetables,Bell Pepper (Green),kg,117.39,116.5,120.80833333333334,4.688331872545572,-3.57,-3.76,-7.84
2026-02-22,Region II (Cagayan Valley),Vegetables,Cabbage,kg,63.56,64.88714285714285,65.77466666666666,2.9094503964142633,-1.35,-2.55,-9.77
2026-02-22,Region II (Cagayan Valley),Meat,Chicken (Dressed),kg,227.81,227.49714285714285,219.13033333333337,8.704237368139648,3.82,0.1,9.14
2026-02-22,Region II (Cagayan Valley),Vegetables,Eggplant (Talong),kg,74.04,71.36571428571429,68.98733333333332,2.6969445461591417,3.45,-2.02,4.44
2026-02-22,Region II (Cagayan Valley),Fish,Galunggong,kg,202.86,196.99285714285716,199.75566666666666,7.167945737235637,-1.38,-0.48,-3.64
2026-02-22,Region II (Cagayan Valley),Fruits,Mango,kg,97.58,96.97285714285715,97.35666666666665,3.4475591898931177,-0.39,1.62,-3.55
2026-02-22,Region II (Cagayan Valley),Fruits,Papaya,kg,57.44,54.565714285714286,53.52766666666667,2.0916396527082877,1.94,2.41,11.34
2026-02-22,Region II (Cagayan Valley),Meat,Pork Belly (Kasim),kg,245.42,251.19,259.01533333333333,9.815958411700223,-3.02,-7.92,-16.66
2026-02-22,Region II (Cagayan Valley),Meat,Pork Ham (Pigue),kg,306.0,292.77,294.1006666666666,10.442863569932934,-0.45,7.49,-1.08
2026-02-22,Region II (Cagayan Valley),Rice,Rice (Regular Milled),kg,54.46,55.26571428571429,53.98533333333333,1.5124443183443212,2.37,-2.94,4.27
2026-02-22,Region II (Cagayan Valley),Rice,Rice (Special),kg,60.79,61.779999999999994,61.14966666666667,1.6658424053734298,1.03,-7.12,1.37
2026-02-22,Region II (Cagayan Valley),Rice,Rice (Well Milled),kg,44.99,44.68,45.958,1.7451536835792372,-2.78,-5.44,-10.4
2026-02-22,Region II (Cagayan Valley),Vegetables,Squash (Kalabasa),kg,44.89,46.35142857142858,46.016666666666666,1.7502538403748997,0.73,-8.29,-5.57
2026-02-22,Region II (Cagayan Valley),Fish,Tilapia,kg,99.12,106.22571428571429,111.06166666666667,5.571387546689048,-4.35,-10.85,-18.38
2026-02-22,Region II (Cagayan Valley),Vegetables,Tomato,kg,54.43,57.14,56.154999999999994,2.2319447990949097,1.75,-1.93,3.52
2026-02-22,Region II (Cagayan Valley),Meat,Whole Chicken,kg,199.38,203.33428571428573,201.2886666666667,7.0189879088346645,1.02,-4.3,1.76
2026-02-22,Region III (Central Luzon),Fish,Alumahan,kg,216.29,210.32285714285715,206.68166666666667,6.446452691120143,1.76,5.88,7.91
2026-02-22,Region III (Central Luzon),Vegetables,Ampalaya,kg,95.84,92.45714285714287,91.485,2.9411829077009024,1.06,-1.55,8.72
2026-02-22,Region III (Central Luzon),Fruits,Avocado,kg,97.75,95.18857142857144,93.16466666666665,3.166418332670444,2.17,5.55,5.21
2026-02-22,Region III (Central Luzon),Fruits,Banana (Lakatan),kg,56.26,58.222857142857144,58.931000000000004,2.5311880132895563,-1.2,1.98,-12.49
2026-02-22,Region III (Central Luzon),Fruits,Banana (Latundan),kg,47.43,45.81285714285714,46.989000000000004,1.8920948981085348,-2.5,-2.13,-6.63
2026-02-22,Region III (Central Luzon),Fish,Bangus (Milkfish),kg,182.9,181.15857142857143,177.80566666666667,6.312055615404022,1.89,0.84,3.73
2026-02-22,Region III (Central Luzon),Meat,Beef Brisket,kg,285.72,281.27,293.15400000000005,13.037453368845908,-4.05,3.3,-6.4
2026-02-22,Region III (Central Luzon),Meat,Beef Rump,kg,439.49,441.59000000000003,431.89,16.249282424474814,2.25,7.77,8.08
2026-02-22,Region III (Central Luzon),Vegetables,Bell Pepper (Green),kg,131.85,135.00142857142856,131.55599999999998,4.609670195398395,2.62,-2.99,-1.63
2026-02-22,Region III (Central Luzon),Vegetables,Cabbage,kg,80.55,80.85571428571428,79.21366666666667,2.7615381562646832,2.07,-4.63,2.72
2026-02-22,Region III (Central Luzon),Meat,Chicken (Dressed),kg,226.8,215.44428571428574,210.278,7.001898461772055,2.46,8.63,10.8
2026-02-22,Region III (Central Luzon),Vegetables,Eggplant (Talong),kg,55.37,55.25285714285714,56.495666666666665,1.8370848033535518,-2.2,-3.99,-9.05
2026-02-22,Region III (Central Luzon),Fish,Galunggong,kg,219.81,232.06,227.99033333333333,7.876703968177364,1.79,-4.56,-3.64
2026-02-22,Region III (Central Luzon),Fruits,Mango,kg,119.43,120.61428571428571,116.33233333333334,4.767689155666213,3.68,5.39,6.33
2026-02-22,Region III (Central Luzon),Fruits,Papaya,kg,50.32,52.30285714285714,51.39333333333333,1.9864217236951005,1.77,-3.34,-4.59
2026-02-22,Region III (Central Luzon),Meat,Pork Belly (Kasim),kg,341.01,324.07142857142856,313.73433333333327,12.26888486159704,3.29,6.21,6.72
2026-02-22,Region III (Central Luzon),Meat,Pork Ham (Pigue),kg,276.99,281.5485714285714,287.25933333333336,10.173188539364846,-1.99,-4.43,-6.38
2026-02-22,Region III (Central Luzon),Rice,Rice (Regular Milled),kg,53.0,51.54142857142857,50.80433333333333,1.5528387427287806,1.45,5.83,5.75
2026-02-22,Region III (Central Luzon),Rice,Rice (Special),kg,68.08,66.56857142857142,64.69466666666668,2.2343690513143293,2.9,4.39,8.15
2026-02-22,Region III (Central Luzon),Rice,Rice (Well Milled),kg,49.6,48.74428571428571,49.99833333333333,1.8461947506889091,-2.51,-4.63,-9.01
2026-02-22,Region III (Central Luzon),Vegetables,Squash (Kalabasa),kg,35.19,36.66857142857143,37.007333333333335,1.7680047849313962,-0.92,-3.59,-10.14
2026-02-22,Region III (Central Luzon),Fish,Tilapia,kg,148.24,144.57285714285715,141.6353333333333,5.4675814065071835,2.07,0.19,5.75
2026-02-22,Region III (Central Luzon),Vegetables,Tomato,kg,46.71,46.45714285714286,47.879999999999995,2.2425308977996665,-2.97,-0.21,-5.48
2026-02-22,Region III (Central Luzon),Meat,Whole Chicken,kg,165.18,159.69714285714286,166.00799999999998,7.2648024393479975,-3.8,-2.5,-9.19
2026-02-22,Region IV-A (CALABARZON),Fish,Alumahan,kg,183.22,180.87428571428572,178.651,5.104491159753307,1.24,-2.01,2.92
2026-02-22,Region IV-A (CALABARZON),Vegetables,Ampalaya,kg,58.15,58.901428571428575,61.443,2.890869276258183,-4.14,-7.68,-13.16
2026-02-22,Region IV-A (CALABARZON),Fruits,Avocado,kg,82.47,78.76857142857143,77.12766666666667,2.6851965616528926,2.13,4.38,6.55
2026-02-22,Region IV-A (CALABARZON),Fruits,Banana (Lakatan),kg,48.71,48.51,49.611,1.6863168393746717,-2.22,-0.69,-7.02
2026-02-22,Region IV-A (CALABARZON),Fruits,Banana (Latundan),kg,40.2,40.68714285714286,41.45399999999999,1.8935636900500197,-1.85,-1.08,-2.43
2026-02-22,Region IV-A (CALABARZON),Fish,Bangus (Milkfish),kg,125.01,125.61,127.85100000000001,5.673795390911808,-1.75,-1.86,-1.71
2026-02-22,Region IV-A (CALABARZON),Meat,Beef Brisket,kg,248.32,255.2957142857143,262.6433333333333,9.490598736002609,-2.8,-8.94,-10.55
2026-02-22,Region IV-A (CALABARZON),Meat,Beef Rump,kg,340.46,359.0228571428571,351.36133333333333,12.176028663853844,2.18,1.04,-4.03
2026-02-22,Region IV-A (CALABARZON),Vegetables,Bell Pepper (Green),kg,92.38,91.86857142857141,94.51,3.8955438733206407,-2.79,-1.77,-8.77
2026-02-22,Region IV-A (CALABARZON),Vegetables,Cabbage,kg,52.27,51.685714285714276,53.666000000000004,2.304405974769124,-3.69,-7.24,-13.16
2026-02-22,Region IV-A (CALABARZON),Meat,Chicken (Dressed),kg,147.37,149.1357142857143,152.7493333333333,6.600318661760406,-2.37,-3.8,-10.87
2026-02-22,Region IV-A (CALABARZON),Vegetables,Eggplant (Talong),kg,49.24,47.690000000000005,48.52766666666667,1.9637572771802037,-1.73,4.32,-2.22
2026-02-22,Region IV-A (CALABARZON),Fish,Galunggong,kg,197.92,188.45,185.92033333333333,6.208331156367709,1.36,1.43,8.9
2026-02-22,Region IV-A (CALABARZON),Fruits,Mango,kg,82.33,77.16999999999999,79.52266666666668,3.3973447373453567,-2.96,2.68,0.34
2026-02-22,Region IV-A (CALABARZON),Fruits,Papaya,kg,43.25,44.22142857142857,42.98500000000001,1.4499387620837796,2.88,-2.68,0.44
2026-02-22,Region IV-A (CALABARZON),Meat,Pork Belly (Kasim),kg,294.65,285.18142857142857,278.14966666666663,10.844728095773792,2.53,0.92,7.36
2026-02-22,Region IV-A (CALABARZON),Meat,Pork Ham (Pigue),kg,297.81,288.1257142857143,279.3136666666667,9.979452504964929,3.15,9.99,5.51
2026-02-22,Region IV-A (CALABARZON),Rice,Rice (Regular Milled),kg,44.79,44.98142857142857,44.01466666666667,1.7637885034939782,2.2,1.47,8.01
2026-02-22,Region IV-A (CALABARZON),Rice,Rice (Special),kg,42.97,43.49857142857143,44.986999999999995,1.9461387943557968,-3.31,-9.8,-10.46
2026-02-22,Region IV-A (CALABARZON),Rice,Rice (Well Milled),kg,37.83,37.61285714285714,38.592999999999996,1.4350469174115255,-2.54,-2.65,1.89
2026-02-22,Region IV-A (CALABARZON),Vegetables,Squash (Kalabasa),kg,38.69,37.44142857142857,37.361666666666665,1.3774666485313092,0.21,-0.15,8.77
2026-02-22,Region IV-A (CALABARZON),Fish,Tilapia,kg,89.44,85.48571428571428,91.70366666666668,5.271973708357227,-6.78,-1.13,-10.25
2026-02-22,Region IV-A (CALABARZON),Vegetables,Tomato,kg,49.34,48.83142857142858,47.99066666666667,1.9263936886519646,1.75,-3.58,6.27
2026-02-22,Region IV-A (CALABARZON),Meat,Whole Chicken,kg,179.63,180.35857142857142,176.79500000000002,5.718916433417711,2.02,-1.05,5.92
2026-02-22,Region IV-B (MIMAROPA),Fish,Alumahan,kg,148.05,148.28428571428572,152.27766666666668,6.610815945952702,-2.62,0.71,-10.57
2026-02-22,Region IV-B (MIMAROPA),Vegetables,Ampalaya,kg,83.73,79.19428571428571,77.46466666666667,2.951996090705467,2.23,5.89,9.17
2026-02-22,Region IV-B (MIMAROPA),Fruits,Avocado,kg,62.15,62.51857142857143,64.591,2.697703173774385,-3.21,-0.11,-7.34
2026-02-22,Region IV-B (MIMAROPA),Fruits,Banana (Lakatan),kg,61.5,62.61,60.9,2.203832085724553,2.81,0.92,-0.68
2026-02-22,Region IV-B (MIMAROPA),Fruits,Banana (Latundan),kg,39.83,40.24428571428571,40.745,1.5493752912394254,-1.23,1.58,-12.86
2026-02-22,Region IV-B (MIMAROPA),Fish,Bangus (Milkfish),kg,126.13,125.73285714285714,130.94833333333332,4.946801881071768,-3.98,-4.83,-10.49
2026-02-22,Region IV-B (MIMAROPA),Meat,Beef Brisket,kg,333.29,322.24142857142857,320.59666666666664,12.612204908091174,0.51,6.17,5.65
2026-02-22,Region IV-B (MIMAROPA),Meat,Beef Rump,kg,394.01,380.0142857142857,376.7803333333333,13.396547028949188,0.86,6.41,7.94
2026-02-22,Region IV-B (MIMAROPA),Vegetables,Bell Pepper (Green),kg,86.74,91.56857142857143,96.959,5.455120561896691,-5.56,-8.43,-19.59
2026-02-22,Region IV-B (MIMAROPA),Vegetables,Cabbage,kg,72.12,67.37142857142858,67.717,2.306103072134992,-0.51,3.74,4.23
2026-02-22,Region IV-B (MIMAROPA),Meat,Chicken (Dressed),kg,162.89,161.14000000000001,163.02266666666668,6.144343029516508,-1.15,2.95,-1.62
2026-02-22,Region IV-B (MIMAROPA),Vegetables,Eggplant (Talong),kg,59.19,59.728571428571435,58.422000000000004,1.7560779183090063,2.24,1.08,7.6
2026-02-22,Region IV-B (MIMAROPA),Fish,Galunggong,kg,207.72,201.54999999999998,201.782,6.451620165402135,-0.11,-0.98,1.1
2026-02-22,Region IV-B (MIMAROPA),Fruits,Mango,kg,84.44,85.20285714285714,87.50200000000001,3.3376766645739395,-2.63,-3.23,-7.81
2026-02-22,Region IV-B (MIMAROPA),Fruits,Papaya,kg,33.36,33.64714285714286,35.880333333333326,2.002473441785771,-6.22,-11.13,-11.89
2026-02-22,Region IV-B (MIMAROPA),Meat,Pork Belly (Kasim),kg,237.83,244.4385714285714,247.94766666666663,6.6254070445330715,-1.42,-2.23,-9.78
2026-02-22,Region IV-B (MIMAROPA),Meat,Pork Ham (Pigue),kg,314.98,310.6142857142857,308.10333333333335,11.141444323299982,0.81,-3.25,2.43
2026-02-22,Region IV-B (MIMAROPA),Rice,Rice (Regular Milled),kg,33.51,34.761428571428574,36.38766666666667,1.7336321913003387,-4.47,-12.62,-12.21
2026-02-22,Region IV-B (MIMAROPA),Rice,Rice (Special),kg,59.32,57.75428571428572,56.489000000000004,1.5937471568602481,2.24,2.86,5.57
2026-02-22,Region IV-B (MIMAROPA),Rice,Rice (Well Milled),kg,40.11,39.85142857142858,41.489000000000004,1.5480674270266022,-3.95,-7.98,-9.66
2026-02-22,Region IV-B (MIMAROPA),Vegetables,Squash (Kalabasa),kg,42.83,42.63428571428572,41.538,1.531335680220788,2.64,0.14,6.38
2026-02-22,Region IV-B (MIMAROPA),Fish,Tilapia,kg,98.92,96.76857142857143,99.09700000000001,4.457649102076244,-2.35,2.72,-9.47
2026-02-22,Region IV-B (MIMAROPA),Vegetables,Tomato,kg,41.32,38.48571428571428,40.254999999999995,2.1500870070606393,-4.4,9.11,-0.07
2026-02-22,Region IV-B (MIMAROPA),Meat,Whole Chicken,kg,139.78,139.37428571428572,144.76233333333332,7.719596953626466,-3.72,-2.54,-8.89
2026-02-22,Region IX (Zamboanga Peninsula),Fish,Alumahan,kg,155.84,158.6057142857143,163.06,6.508928085912864,-2.73,-1.17,-10.75
2026-02-22,Region IX (Zamboanga Peninsula),Vegetables,Ampalaya,kg,93.47,90.76285714285714,87.90033333333332,3.1618125348836124,3.26,4.3,10.89
2026-02-22,Region IX (Zamboanga Peninsula),Fruits,Avocado,kg,89.41,88.18857142857142,86.526,2.9807758767787593,1.92,3.11,0.31
2026-02-22,Region IX (Zamboanga Peninsula),Fruits,Banana (Lakatan),kg,68.77,67.03285714285714,66.074,2.2560655407451913,1.45,3.29,2.66
2026-02-22,Region IX (Zamboanga Peninsula),Fruits,Banana (Latundan),kg,41.75,43.44428571428572,45.52866666666667,1.8770459795102103,-4.58,-3.38,-8.3
2026-02-22,Region IX (Zamboanga Peninsula),Fish,Bangus (Milkfish),kg,133.99,138.16428571428574,143.95466666666667,6.481926455515673,-4.02,-4.31,-9.51
2026-02-22,Region IX (Zamboanga Peninsula),Meat,Beef Brisket,kg,360.59,358.5357142857143,347.19466666666665,12.782539204154515,3.27,2.18,5.97
2026-02-22,Region IX (Zamboanga Peninsula),Meat,Beef Rump,kg,421.01,415.24285714285713,411.95033333333333,10.377149460210093,0.8,1.67,3.02
2026-02-22,Region IX (Zamboanga Peninsula),Vegetables,Bell Pepper (Green),kg,112.91,108.96714285714286,112.07733333333334,4.087961243265009,-2.78,0.63,0.15
2026-02-22,Region IX (Zamboanga Peninsula),Vegetables,Cabbage,kg,68.24,66.15714285714286,66.75333333333334,2.8709488198915625,-0.89,4.61,-0.18
2026-02-22,Region IX (Zamboanga Peninsula),Meat,Chicken (Dressed),kg,200.03,202.92,200.75366666666665,4.291414430708208,1.08,-2.24,1.05
2026-02-22,Region IX (Zamboanga Peninsula),Vegetables,Eggplant (Talong),kg,66.23,65.25142857142858,64.41466666666666,1.8982328139856823,1.3,1.47,-1.93
2026-02-22,Region IX (Zamboanga Peninsula),Fish,Galunggong,kg,220.13,212.66,208.78166666666667,7.693011644402984,1.86,5.68,3.37
2026-02-22,Region IX (Zamboanga Peninsula),Fruits,Mango,kg,82.8,84.10428571428572,86.76466666666666,3.6951316838401884,-3.07,-9.21,-10.5
2026-02-22,Region IX (Zamboanga Peninsula),Fruits,Papaya,kg,35.26,37.61,38.87733333333334,1.940639662289304,-3.26,-4.0,-16.15
2026-02-22,Region IX (Zamboanga Peninsula),Meat,Pork Belly (Kasim),kg,314.85,320.5571428571428,313.27899999999994,11.183589378161006,2.32,-0.54,-0.97
2026-02-22,Region IX (Zamboanga Peninsula),Meat,Pork Ham (Pigue),kg,255.74,261.2342857142857,265.612,10.331030392246253,-1.65,0.91,-9.68
2026-02-22,Region IX (Zamboanga Peninsula),Rice,Rice (Regular Milled),kg,47.47,48.620000000000005,47.11933333333333,1.7005413607261453,3.18,0.96,-1.56
2026-02-22,Region IX (Zamboanga Peninsula),Rice,Rice (Special),kg,66.35,63.55571428571428,61.19500000000001,2.7315661164020746,3.86,9.27,5.87
2026-02-22,Region IX (Zamboanga Peninsula),Rice,Rice (Well Milled),kg,58.29,55.79,54.257666666666665,1.927325614157758,2.82,6.54,9.06
2026-02-22,Region IX (Zamboanga Peninsula),Vegetables,Squash (Kalabasa),kg,47.12,45.215714285714284,44.20133333333333,1.4921235349924535,2.29,4.16,12.22
2026-02-22,Region IX (Zamboanga Peninsula),Fish,Tilapia,kg,130.15,132.46857142857144,130.12900000000002,4.3192682569923475,1.8,-2.98,1.56
2026-02-22,Region IX (Zamboanga Peninsula),Vegetables,Tomato,kg,55.92,54.75571428571429,53.29733333333333,1.7878998146222747,2.74,4.6,7.44
2026-02-22,Region IX (Zamboanga Peninsula),Meat,Whole Chicken,kg,157.6,161.56285714285715,166.72299999999998,6.796237371795695,-3.1,-10.55,-9.62
2026-02-22,Region V (Bicol Region),Fish,Alumahan,kg,157.62,145.61285714285717,145.94033333333334,4.698961355032858,-0.22,9.28,7.54
2026-02-22,Region V (Bicol Region),Vegetables,Ampalaya,kg,79.38,76.72142857142856,75.619,2.3873811217921914,1.46,-0.16,11.33
2026-02-22,Region V (Bicol Region),Fruits,Avocado,kg,78.52,75.00999999999999,73.94233333333334,2.4024551857506404,1.44,3.6,9.71
2026-02-22,Region V (Bicol Region),Fruits,Banana (Lakatan),kg,58.54,56.94,55.791000000000004,1.77329879622405,2.06,-0.98,6.44
2026-02-22,Region V (Bicol Region),Fruits,Banana (Latundan),kg,46.82,46.221428571428575,45.225,1.6501175506716,2.2,2.23,-1.62
2026-02-22,Region V (Bicol Region),Fish,Bangus (Milkfish),kg,130.64,125.7,128.81966666666665,3.6104880588348065,-2.42,4.9,-0.57
2026-02-22,Region V (Bicol Region),Meat,Beef Brisket,kg,247.18,251.82857142857142,252.25,8.831514885477507,-0.17,3.9,-3.43
2026-02-22,Region V (Bicol Region),Meat,Beef Rump,kg,321.35,303.3614285714285,312.75,12.986211786033847,-3.0,2.12,-1.36
2026-02-22,Region V (Bicol Region),Vegetables,Bell Pepper (Green),kg,86.69,86.96428571428571,90.40799999999999,4.45121401495101,-3.81,-4.66,-8.04
2026-02-22,Region V (Bicol Region),Vegetables,Cabbage,kg,71.81,69.32857142857142,67.49,2.263942243688741,2.72,6.27,9.82
2026-02-22,Region V (Bicol Region),Meat,Chicken (Dressed),kg,140.59,138.18714285714285,141.62066666666666,6.479511972540829,-2.42,-4.52,-9.85
2026-02-22,Region V (Bicol Region),Vegetables,Eggplant (Talong),kg,61.53,59.54857142857143,58.314,1.7637999730206404,2.12,3.29,9.86
2026-02-22,Region V (Bicol Region),Fish,Galunggong,kg,196.94,196.77428571428572,193.50466666666665,5.668354826295066,1.69,0.88,3.29
2026-02-22,Region V (Bicol Region),Fruits,Mango,kg,72.53,76.98428571428572,79.39133333333332,3.7789669573003217,-3.03,-12.4,-11.98
2026-02-22,Region V (Bicol Region),Fruits,Papaya,kg,44.7,43.75428571428571,42.92033333333334,1.6510675404078665,1.94,-2.93,10.34
2026-02-22,Region V (Bicol Region),Meat,Pork Belly (Kasim),kg,256.71,258.7114285714286,252.99233333333333,7.427447086979795,2.26,-1.91,0.68
2026-02-22,Region V (Bicol Region),Meat,Pork Ham (Pigue),kg,209.0,215.86285714285714,222.51933333333332,10.057480637893772,-2.99,-5.45,-11.74
2026-02-22,Region V (Bicol Region),Rice,Rice (Regular Milled),kg,40.89,42.607142857142854,42.074666666666666,1.3857644058445726,1.27,-2.01,-0.87
2026-02-22,Region V (Bicol Region),Rice,Rice (Special),kg,52.32,51.61571428571428,50.906666666666666,1.8513673108111965,1.39,1.26,7.81
2026-02-22,Region V (Bicol Region),Rice,Rice (Well Milled),kg,37.75,38.61571428571428,39.342,1.616049674893737,-1.85,-3.99,-6.84
2026-02-22,Region V (Bicol Region),Vegetables,Squash (Kalabasa),kg,38.84,40.042857142857144,38.697,1.3769885933466883,3.48,-0.46,-0.05
2026-02-22,Region V (Bicol Region),Fish,Tilapia,kg,129.58,120.18142857142857,116.43133333333334,4.636610484137023,3.22,10.22,10.53
2026-02-22,Region V (Bicol Region),Vegetables,Tomato,kg,39.44,38.44285714285714,38.96399999999999,1.5669179059982308,-1.34,2.63,-3.95
2026-02-22,Region V (Bicol Region),Meat,Whole Chicken,kg,144.63,142.34714285714284,143.05633333333336,5.328433478362453,-0.5,2.23,-4.78
2026-02-22,Region VI (Western Visayas),Fish,Alumahan,kg,167.89,166.8442857142857,172.71633333333332,7.601776781114028,-3.4,2.43,-11.77
2026-02-22,Region VI (Western Visayas),Vegetables,Ampalaya,kg,103.34,98.28999999999999,96.17266666666666,3.812133019835386,2.2,4.86,5.99
2026-02-22,Region VI (Western Visayas),Fruits,Avocado,kg,99.07,99.03,95.79033333333334,3.9627763546258907,3.38,-1.39,4.99
2026-02-22,Region VI (Western Visayas),Fruits,Banana (Lakatan),kg,74.16,71.64571428571428,70.21833333333333,2.4332085860009487,2.03,5.39,5.24
2026-02-22,Region VI (Western Visayas),Fruits,Banana (Latundan),kg,50.03,49.40857142857143,49.962333333333326,1.8154313315408677,-1.11,-0.52,-5.99
2026-02-22,Region VI (Western Visayas),Fish,Bangus (Milkfish),kg,199.79,194.37285714285713,189.12766666666667,6.38349254925824,2.77,-1.03,5.86
2026-02-22,Region VI (Western Visayas),Meat,Beef Brisket,kg,368.13,363.77000000000004,358.40633333333335,12.151687688471995,1.5,1.17,-0.73
2026-02-22,Region VI (Western Visayas),Meat,Beef Rump,kg,373.78,361.8514285714286,377.13500000000005,15.820206579147548,-4.05,-3.6,-4.79
2026-02-22,Region VI (Western Visayas),Vegetables,Bell Pepper (Green),kg,149.85,146.7328571428571,144.21699999999998,4.2407141152047325,1.74,-0.23,2.76
2026-02-22,Region VI (Western Visayas),Vegetables,Cabbage,kg,85.88,83.06714285714285,81.622,3.0002912502300645,1.77,3.2,6.01
2026-02-22,Region VI (Western Visayas),Meat,Chicken (Dressed),kg,233.37,229.80285714285714,222.675,7.722896432708629,3.2,0.92,6.98
2026-02-22,Region VI (Western Visayas),Vegetables,Eggplant (Talong),kg,74.21,74.62,71.72966666666667,2.675909749693692,4.03,1.63,4.37
2026-02-22,Region VI (Western Visayas),Fish,Galunggong,kg,178.38,178.46857142857144,184.97133333333335,7.317653540126978,-3.52,2.38,-11.87
2026-02-22,Region VI (Western Visayas),Fruits,Mango,kg,124.29,125.62571428571428,121.75466666666667,4.190589402486264,3.18,1.19,3.97
2026-02-22,Region VI (Western Visayas),Fruits,Papaya,kg,55.09,52.27428571428571,51.833333333333336,1.7787177352264958,0.85,2.44,8.17
2026-02-22,Region VI (Western Visayas),Meat,Pork Belly (Kasim),kg,252.32,257.72285714285715,265.318,12.756063980549184,-2.86,-2.77,-12.35
2026-02-22,Region VI (Western Visayas),Meat,Pork Ham (Pigue),kg,356.42,361.0657142857143,349.2006666666667,13.611105236060759,3.4,-4.5,7.73
2026-02-22,Region VI (Western Visayas),Rice,Rice (Regular Milled),kg,41.45,42.202857142857134,43.399,1.7008301218664716,-2.76,-8.46,-8.36
2026-02-22,Region VI (Western Visayas),Rice,Rice (Special),kg,66.2,67.91142857142857,65.35533333333333,2.5837365795768714,3.91,-2.9,3.97
2026-02-22,Region VI (Western Visayas),Rice,Rice (Well Milled),kg,62.07,60.970000000000006,59.771,2.1329506032400394,2.01,-3.38,9.9
2026-02-22,Region VI (Western Visayas),Vegetables,Squash (Kalabasa),kg,45.71,46.57,45.75333333333334,1.3522735219477393,1.78,-2.83,-2.87
2026-02-22,Region VI (Western Visayas),Fish,Tilapia,kg,144.5,138.39142857142858,136.76666666666668,5.161292496059971,1.19,3.36,3.45
2026-02-22,Region VI (Western Visayas),Vegetables,Tomato,kg,49.15,48.68571428571429,49.92433333333334,1.9278497640230325,-2.48,-7.35,-7.75
2026-02-22,Region VI (Western Visayas),Meat,Whole Chicken,kg,189.26,178.66428571428568,180.81633333333332,7.649731788551867,-1.19,7.05,2.57
2026-02-22,Region VII (Central Visayas),Fish,Alumahan,kg,196.92,195.6614285714286,191.13500000000002,6.042631163599998,2.37,1.96,2.47
2026-02-22,Region VII (Central Visayas),Vegetables,Ampalaya,kg,70.89,70.33142857142856,72.90966666666667,3.0856670695925383,-3.54,-3.77,-10.94
2026-02-22,Region VII (Central Visayas),Fruits,Avocado,kg,94.89,89.54142857142858,87.864,3.0810954164902,1.91,2.68,4.11
2026-02-22,Region VII (Central Visayas),Fruits,Banana (Lakatan),kg,55.34,54.69285714285714,56.22633333333333,2.1265505228977686,-2.73,0.58,-2.66
2026-02-22,Region VII (Central Visayas),Fruits,Banana (Latundan),kg,44.21,44.64857142857143,45.958,1.8309078208025247,-2.85,-8.24,-5.9
2026-02-22,Region VII (Central Visayas),Fish,Bangus (Milkfish),kg,152.98,141.83285714285714,145.21033333333335,5.577245323840231,-2.33,4.17,-0.83
2026-02-22,Region VII (Central Visayas),Meat,Beef Brisket,kg,280.34,281.63,288.81566666666663,13.105203936981667,-2.49,2.34,-9.48
2026-02-22,Region VII (Central Visayas),Meat,Beef Rump,kg,438.17,423.8528571428572,419.8676666666667,16.027629739218213,0.95,0.68,4.17
2026-02-22,Region VII (Central Visayas),Vegetables,Bell Pepper (Green),kg,111.04,108.22999999999999,110.82666666666667,4.941761052383083,-2.34,4.78,-3.59
2026-02-22,Region VII (Central Visayas),Vegetables,Cabbage,kg,65.36,65.97142857142858,67.773,2.9177721189172963,-2.66,-11.04,-6.66
2026-02-22,Region VII (Central Visayas),Meat,Chicken (Dressed),kg,173.23,171.40142857142857,174.605,6.369372160907019,-1.83,0.2,-2.83
2026-02-22,Region VII (Central Visayas),Vegetables,Eggplant (Talong),kg,66.91,64.29285714285713,63.86033333333334,1.9976649875038706,0.68,4.12,2.42
2026-02-22,Region VII (Central Visayas),Fish,Galunggong,kg,214.66,211.02428571428572,210.395,9.087182238432469,0.3,5.85,4.06
2026-02-22,Region VII (Central Visayas),Fruits,Mango,kg,90.87,88.78857142857143,93.098,4.169090200924967,-4.63,-4.4,-9.36
2026-02-22,Region VII (Central Visayas),Fruits,Papaya,kg,51.4,51.69285714285714,50.19033333333333,1.8447492743073917,2.99,-1.96,4.92
2026-02-22,Region VII (Central Visayas),Meat,Pork Belly (Kasim),kg,260.66,260.6571428571429,268.08233333333334,11.085961822964569,-2.77,-0.7,-1.96
2026-02-22,Region VII (Central Visayas),Meat,Pork Ham (Pigue),kg,296.53,281.5414285714286,286.91766666666666,12.017788448604039,-1.87,5.91,-2.71
2026-02-22,Region VII (Central Visayas),Rice,Rice (Regular Milled),kg,48.78,48.478571428571435,47.712333333333326,1.7937856007921247,1.61,0.85,5.77
2026-02-22,Region VII (Central Visayas),Rice,Rice (Special),kg,64.19,61.355714285714285,59.934999999999995,2.220564932779418,2.37,3.72,12.02
2026-02-22,Region VII (Central Visayas),Rice,Rice (Well Milled),kg,46.45,46.37428571428571,46.49466666666667,1.6869350565619081,-0.26,-1.88,-3.91
2026-02-22,Region VII (Central Visayas),Vegetables,Squash (Kalabasa),kg,41.38,42.26428571428572,41.83633333333333,1.3119805594999154,1.02,-4.96,4.31
2026-02-22,Region VII (Central Visayas),Fish,Tilapia,kg,135.21,136.25428571428571,133.04266666666666,5.60419666231338,2.41,-0.9,-0.23
2026-02-22,Region VII (Central Visayas),Vegetables,Tomato,kg,43.77,44.042857142857144,45.42466666666667,2.2709161653141314,-3.04,4.34,-9.13
2026-02-22,Region VII (Central Visayas),Meat,Whole Chicken,kg,207.79,202.97571428571428,198.64166666666668,6.934000230415389,2.18,9.14,4.04
2026-02-22,Region VIII (Eastern Visayas),Fish,Alumahan,kg,233.08,223.4157142857143,217.28466666666665,7.6454840099974986,2.82,7.83,12.9
2026-02-22,Region VIII (Eastern Visayas),Vegetables,Ampalaya,kg,101.59,99.47999999999999,97.19366666666666,3.523548841265224,2.35,0.92,6.13
2026-02-22,Region VIII (Eastern Visayas),Fruits,Avocado,kg,72.84,71.83285714285715,75.723,3.5042448642989763,-5.14,-2.03,-8.31
2026-02-22,Region VIII (Eastern Visayas),Fruits,Banana (Lakatan),kg,71.94,75.64428571428572,73.455,2.742217514449281,2.98,-1.65,-1.05
2026-02-22,Region VIII (Eastern Visayas),Fruits,Banana (Latundan),kg,47.03,47.214285714285715,48.73533333333333,1.8358813223858366,-3.12,-3.09,-11.03
2026-02-22,Region VIII (Eastern Visayas),Fish,Bangus (Milkfish),kg,142.9,149.01571428571427,152.42566666666664,7.407657586547753,-2.24,-4.85,-9.22
2026-02-22,Region VIII (Eastern Visayas),Meat,Beef Brisket,kg,323.16,321.40999999999997,327.5603333333333,12.95740115581218,-1.88,-0.92,-5.78
2026-02-22,Region VIII (Eastern Visayas),Meat,Beef Rump,kg,348.75,364.9942857142857,371.17166666666674,13.071204224747618,-1.66,-7.36,-14.07
2026-02-22,Region VIII (Eastern Visayas),Vegetables,Bell Pepper (Green),kg,115.41,113.30285714285715,117.95566666666667,4.35601738647412,-3.94,-5.55,-9.24
2026-02-22,Region VIII (Eastern Visayas),Vegetables,Cabbage,kg,63.18,64.31571428571428,66.46266666666666,2.9346702021525473,-3.23,-3.08,-8.18
2026-02-22,Region VIII (Eastern Visayas),Meat,Chicken (Dressed),kg,169.08,168.29857142857142,174.6076666666667,7.599088277134409,-3.61,0.33,-9.92
2026-02-22,Region VIII (Eastern Visayas),Vegetables,Eggplant (Talong),kg,59.97,58.959999999999994,59.224333333333334,2.0589144835507076,-0.45,6.35,-3.62
2026-02-22,Region VIII (Eastern Visayas),Fish,Galunggong,kg,182.17,178.4114285714286,188.087,10.177531083986942,-5.14,2.78,-8.93
2026-02-22,Region VIII (Eastern Visayas),Fruits,Mango,kg,91.42,91.88142857142857,96.21533333333333,4.9729417737448784,-4.5,-4.59,-8.36
2026-02-22,Region VIII (Eastern Visayas),Fruits,Papaya,kg,53.72,51.75714285714285,50.751333333333335,1.6655551696021569,1.98,9.14,6.04
2026-02-22,Region VIII (Eastern Visayas),Meat,Pork Belly (Kasim),kg,297.37,283.23285714285714,286.81733333333335,10.255249600463904,-1.25,2.03,2.97
2026-02-22,Region VIII (Eastern Visayas),Meat,Pork Ham (Pigue),kg,297.13,294.6557142857142,303.20200000000006,12.924716071049493,-2.82,3.84,-7.43
2026-02-22,Region VIII (Eastern Visayas),Rice,Rice (Regular Milled),kg,42.28,42.73428571428571,43.54633333333333,1.5848800309940676,-1.86,-0.21,-5.27
2026-02-22,Region VIII (Eastern Visayas),Rice,Rice (Special),kg,48.19,50.10142857142858,51.65933333333333,2.4576087808152542,-3.02,-8.42,-11.48
2026-02-22,Region VIII (Eastern Visayas),Rice,Rice (Well Milled),kg,47.61,47.52285714285714,48.212,1.8759722077200065,-1.43,-1.2,-7.5
2026-02-22,Region VIII (Eastern Visayas),Vegetables,Squash (Kalabasa),kg,37.74,37.30428571428571,38.715,1.6461758191597473,-3.64,1.67,-9.6
2026-02-22,Region VIII (Eastern Visayas),Fish,Tilapia,kg,150.61,148.78142857142856,146.30566666666667,4.755135650796007,1.69,-3.67,3.15
2026-02-22,Region VIII (Eastern Visayas),Vegetables,Tomato,kg,52.07,51.87714285714286,51.294666666666664,2.0177723006997823,1.14,-1.23,-1.36
2026-02-22,Region VIII (Eastern Visayas),Meat,Whole Chicken,kg,167.35,165.73000000000002,172.93666666666667,8.173032330247036,-4.17,-2.47,-9.72
2026-02-22,Region X (Northern Mindanao),Fish,Alumahan,kg,219.91,214.3,211.01633333333334,5.822363238253024,1.56,5.17,11.22
2026-02-22,Region X (Northern Mindanao),Vegetables,Ampalaya,kg,98.27,93.76714285714286,92.40233333333335,3.1711704391317235,1.48,3.85,11.35
2026-02-22,Region X (Northern Mindanao),Fruits,Avocado,kg,80.85,78.24142857142859,80.22666666666667,2.9334072613463062,-2.47,2.68,-7.18
2026-02-22,Region X (Northern Mindanao),Fruits,Banana (Lakatan),kg,53.56,54.621428571428574,56.52933333333333,2.5021107411382215,-3.38,0.09,-9.54
2026-02-22,Region X (Northern Mindanao),Fruits,Banana (Latundan),kg,43.34,44.81857142857143,46.08133333333333,2.173839338880496,-2.74,-3.35,-8.47
2026-02-22,Region X (Northern Mindanao),Fish,Bangus (Milkfish),kg,195.03,191.6042857142857,188.1796666666667,5.66678981272543,1.82,0.55,4.81
2026-02-22,Region X (Northern Mindanao),Meat,Beef Brisket,kg,271.85,280.36,293.925,14.688569036663633,-4.62,-4.02,-10.66
2026-02-22,Region X (Northern Mindanao),Meat,Beef Rump,kg,468.25,450.5757142857143,438.5056666666667,17.640160817808855,2.75,2.8,8.56
2026-02-22,Region X (Northern Mindanao),Vegetables,Bell Pepper (Green),kg,145.49,146.16857142857143,140.2673333333333,6.428507593917764,4.21,3.14,3.68
2026-02-22,Region X (Northern Mindanao),Vegetables,Cabbage,kg,87.02,83.30142857142857,80.56033333333333,2.4286202743083587,3.4,8.83,12.98
2026-02-22,Region X (Northern Mindanao),Meat,Chicken (Dressed),kg,167.91,167.4257142857143,174.70499999999998,7.692085834333878,-4.17,-9.53,-5.65
2026-02-22,Region X (Northern Mindanao),Vegetables,Eggplant (Talong),kg,78.23,73.62285714285714,71.905,2.7309108623187655,2.39,5.52,14.76
2026-02-22,Region X (Northern Mindanao),Fish,Galunggong,kg,189.86,185.83428571428573,193.25033333333334,7.327939204749485,-3.84,-7.85,-1.99
2026-02-22,Region X (Northern Mindanao),Fruits,Mango,kg,121.54,123.15428571428572,118.04299999999999,4.520166422020186,4.33,-2.71,8.2
2026-02-22,Region X (Northern Mindanao),Fruits,Papaya,kg,44.79,45.03142857142858,45.089000000000006,1.4492907896980174,-0.13,1.31,-7.38
2026-02-22,Region X (Northern Mindanao),Meat,Pork Belly (Kasim),kg,311.18,311.7942857142857,309.06233333333336,10.086180263055262,0.88,-2.81,0.49
2026-02-22,Region X (Northern Mindanao),Meat,Pork Ham (Pigue),kg,303.39,283.18857142857144,289.164,10.87041464171231,-2.07,5.38,3.93
2026-02-22,Region X (Northern Mindanao),Rice,Rice (Regular Milled),kg,48.3,50.09142857142857,50.02866666666667,1.833366478279286,0.13,-1.57,-4.88
2026-02-22,Region X (Northern Mindanao),Rice,Rice (Special),kg,66.26,66.28285714285714,64.52766666666668,2.3829794207126778,2.72,-4.04,12.36
2026-02-22,Region X (Northern Mindanao),Rice,Rice (Well Milled),kg,47.07,46.39,48.33133333333333,1.991514297062011,-4.02,-5.16,-2.34
2026-02-22,Region X (Northern Mindanao),Vegetables,Squash (Kalabasa),kg,51.06,49.402857142857144,47.54833333333333,1.7942419076001372,3.9,5.02,10.93
2026-02-22,Region X (Northern Mindanao),Fish,Tilapia,kg,105.22,108.66142857142857,112.13566666666665,4.456969500281169,-3.1,-5.12,-14.09
2026-02-22,Region X (Northern Mindanao),Vegetables,Tomato,kg,52.2,50.68142857142857,50.26833333333333,1.8754550405689396,0.82,1.73,0.81
2026-02-22,Region X (Northern Mindanao),Meat,Whole Chicken,kg,166.72,164.1,167.67533333333333,7.794616503509384,-2.13,-4.55,-10.49
2026-02-22,Region XI (Davao Region),Fish,Alumahan,kg,131.3,137.70142857142858,140.705,5.267354076338318,-2.13,-2.63,-10.14
2026-02-22,Region XI (Davao Region),Vegetables,Ampalaya,kg,60.94,62.424285714285716,64.192,2.649057607319409,-2.75,-3.02,-9.92
2026-02-22,Region XI (Davao Region),Fruits,Avocado,kg,75.3,76.17285714285715,74.31133333333334,2.5070201205929066,2.51,6.01,5.46
2026-02-22,Region XI (Davao Region),Fruits,Banana (Lakatan),kg,53.95,55.16857142857143,54.19233333333333,1.658041394045347,1.8,-1.41,-2.69
2026-02-22,Region XI (Davao Region),Fruits,Banana (Latundan),kg,37.12,38.098571428571425,38.812666666666665,1.3420826156114345,-1.84,-9.68,-9.57
2026-02-22,Region XI (Davao Region),Fish,Bangus (Milkfish),kg,121.71,123.02285714285713,125.87466666666667,5.462550076048178,-2.27,1.19,-4.59
2026-02-22,Region XI (Davao Region),Meat,Beef Brisket,kg,227.73,233.85571428571424,246.49633333333335,10.933264169601806,-5.13,-11.38,-10.2
2026-02-22,Region XI (Davao Region),Meat,Beef Rump,kg,275.88,286.1942857142857,292.497,10.744351250452674,-2.15,-8.81,-15.18
2026-02-22,Region XI (Davao Region),Vegetables,Bell Pepper (Green),kg,90.38,92.52285714285713,93.32733333333334,3.3462072542664747,-0.86,-4.66,-2.61
2026-02-22,Region XI (Davao Region),Vegetables,Cabbage,kg,69.78,64.51571428571428,63.867666666666665,2.295770749298215,1.01,10.94,9.53
2026-02-22,Region XI (Davao Region),Meat,Chicken (Dressed),kg,150.42,148.89714285714285,150.54533333333336,4.9056341523580915,-1.09,0.15,1.15
2026-02-22,Region XI (Davao Region),Vegetables,Eggplant (Talong),kg,55.99,55.16571428571429,54.49699999999999,1.632973066061636,1.23,-1.27,4.54
2026-02-22,Region XI (Davao Region),Fish,Galunggong,kg,152.97,162.4485714285714,164.62199999999999,5.637919890319054,-1.32,-6.48,-9.81
2026-02-22,Region XI (Davao Region),Fruits,Mango,kg,78.63,77.09,79.67000000000002,3.3004680963724646,-3.24,3.04,-3.19
2026-02-22,Region XI (Davao Region),Fruits,Papaya,kg,37.28,36.32714285714285,36.763000000000005,1.2766366101920843,-1.19,-0.77,2.64
2026-02-22,Region XI (Davao Region),Meat,Pork Belly (Kasim),kg,228.31,221.41,222.15266666666668,8.406401064104353,-0.33,1.33,-6.12
2026-02-22,Region XI (Davao Region),Meat,Pork Ham (Pigue),kg,291.1,290.43857142857144,282.81999999999994,9.949571815427127,2.69,4.63,0.65
2026-02-22,Region XI (Davao Region),Rice,Rice (Regular Milled),kg,34.39,36.17714285714286,36.59066666666667,1.5311297008808513,-1.13,-4.79,-11.25
2026-02-22,Region XI (Davao Region),Rice,Rice (Special),kg,41.41,41.151428571428575,42.142,1.5517185133997415,-2.35,6.59,-3.43
2026-02-22,Region XI (Davao Region),Rice,Rice (Well Milled),kg,50.56,49.34142857142857,47.89633333333333,1.6440917906527772,3.02,4.81,6.64
2026-02-22,Region XI (Davao Region),Vegetables,Squash (Kalabasa),kg,40.28,39.15714285714285,38.18666666666666,1.3360191340084646,2.54,6.56,7.64
2026-02-22,Region XI (Davao Region),Fish,Tilapia,kg,113.42,111.0,108.63866666666667,3.0570932027948983,2.17,-0.31,-0.06
2026-02-22,Region XI (Davao Region),Vegetables,Tomato,kg,47.73,47.29857142857143,46.254333333333335,1.766244180668981,2.26,0.48,9.0
2026-02-22,Region XI (Davao Region),Meat,Whole Chicken,kg,172.26,174.97,169.42433333333332,6.884055883147505,3.27,1.86,1.43
2026-02-22,Region XII (SOCCSKSARGEN),Fish,Alumahan,kg,153.12,146.17428571428573,149.881,4.93762566841407,-2.47,5.66,-3.77
2026-02-22,Region XII (SOCCSKSARGEN),Vegetables,Ampalaya,kg,81.26,79.70142857142856,77.19433333333333,3.6773497609512193,3.25,-1.57,10.27
2026-02-22,Region XII (SOCCSKSARGEN),Fruits,Avocado,kg,73.61,74.66714285714285,73.85033333333334,2.6677104781820145,1.11,-1.23,0.42
2026-02-22,Region XII (SOCCSKSARGEN),Fruits,Banana (Lakatan),kg,62.82,60.52857142857143,58.693666666666665,2.1335472863258875,3.13,5.16,6.53
2026-02-22,Region XII (SOCCSKSARGEN),Fruits,Banana (Latundan),kg,50.68,48.29571428571428,47.129666666666665,1.7406627420638474,2.47,5.74,3.15
2026-02-22,Region XII (SOCCSKSARGEN),Fish,Bangus (Milkfish),kg,144.94,147.07,147.39733333333334,5.308483083111249,-0.22,-3.82,-4.66
2026-02-22,Region XII (SOCCSKSARGEN),Meat,Beef Brisket,kg,238.1,236.21714285714285,245.9896666666667,13.093041448334906,-3.97,0.4,-3.34
2026-02-22,Region XII (SOCCSKSARGEN),Meat,Beef Rump,kg,323.16,306.5571428571429,308.1023333333333,9.544424147052982,-0.5,1.48,3.37
2026-02-22,Region XII (SOCCSKSARGEN),Vegetables,Bell Pepper (Green),kg,117.75,120.10857142857142,118.83233333333334,4.943477544187419,1.07,-6.41,1.94
2026-02-22,Region XII (SOCCSKSARGEN),Vegetables,Cabbage,kg,71.73,70.30857142857143,68.61366666666666,2.0866843578259227,2.47,2.66,6.76
2026-02-22,Region XII (SOCCSKSARGEN),Meat,Chicken (Dressed),kg,188.3,184.8457142857143,181.57233333333335,6.238010117808893,1.8,-1.27,7.99
2026-02-22,Region XII (SOCCSKSARGEN),Vegetables,Eggplant (Talong),kg,48.96,48.20428571428572,49.01766666666666,1.7852570245424497,-1.66,-3.47,-3.75
2026-02-22,Region XII (SOCCSKSARGEN),Fish,Galunggong,kg,197.38,192.5642857142857,187.12166666666664,6.736893320306881,2.91,2.79,5.97
2026-02-22,Region XII (SOCCSKSARGEN),Fruits,Mango,kg,94.09,94.97714285714287,92.85133333333333,2.599499598176475,2.29,0.98,-2.1
2026-02-22,Region XII (SOCCSKSARGEN),Fruits,Papaya,kg,36.67,36.714285714285715,37.11000000000001,1.2011460045048532,-1.07,-4.21,-2.94
2026-02-22,Region XII (SOCCSKSARGEN),Meat,Pork Belly (Kasim),kg,216.92,213.54142857142855,219.14233333333334,9.070435750979405,-2.56,-3.66,-5.96
2026-02-22,Region XII (SOCCSKSARGEN),Meat,Pork Ham (Pigue),kg,282.0,284.5228571428571,276.35433333333333,9.509780694136806,2.96,3.62,6.97
2026-02-22,Region XII (SOCCSKSARGEN),Rice,Rice (Regular Milled),kg,43.06,44.847142857142856,43.585666666666675,1.4109196886484692,2.89,-5.24,-3.17
2026-02-22,Region XII (SOCCSKSARGEN),Rice,Rice (Special),kg,44.08,45.75428571428572,45.775333333333336,1.4032296082014961,-0.05,-2.84,-6.59
2026-02-22,Region XII (SOCCSKSARGEN),Rice,Rice (Well Milled),kg,36.59,36.582857142857144,38.19133333333333,1.6901718609479395,-4.21,2.84,-12.42
2026-02-22,Region XII (SOCCSKSARGEN),Vegetables,Squash (Kalabasa),kg,29.21,30.212857142857143,31.130999999999997,1.2052567332744821,-2.95,-7.42,-13.45
2026-02-22,Region XII (SOCCSKSARGEN),Fish,Tilapia,kg,127.05,121.10857142857142,118.20966666666666,4.5251462032644625,2.45,2.48,12.36
2026-02-22,Region XII (SOCCSKSARGEN),Vegetables,Tomato,kg,47.13,46.574285714285715,45.93533333333333,1.5236836791220743,1.39,0.88,5.32
2026-02-22,Region XII (SOCCSKSARGEN),Meat,Whole Chicken,kg,177.07,168.43428571428572,164.35866666666666,6.968054066327571,2.48,3.37,3.54
2026-02-22,Region XIII (Caraga),Fish,Alumahan,kg,225.48,221.95857142857145,219.1906666666667,7.927537310923876,1.26,-1.32,5.32
2026-02-22,Region XIII (Caraga),Vegetables,Ampalaya,kg,81.24,84.52,85.99466666666667,3.211124771610443,-1.71,-7.42,-11.02
2026-02-22,Region XIII (Caraga),Fruits,Avocado,kg,79.94,79.09142857142857,80.648,2.7204289722585666,-1.93,1.4,-7.89
2026-02-22,Region XIII (Caraga),Fruits,Banana (Lakatan),kg,76.84,75.80142857142857,74.59033333333333,2.3761740957542075,1.62,3.61,7.83
2026-02-22,Region XIII (Caraga),Fruits,Banana (Latundan),kg,51.13,51.16857142857143,52.06766666666667,2.1558272007608092,-1.73,-0.1,-7.69
2026-02-22,Region XIII (Caraga),Fish,Bangus (Milkfish),kg,207.3,208.14142857142858,204.24266666666668,8.090725185234561,1.91,-5.78,4.74
2026-02-22,Region XIII (Caraga),Meat,Beef Brisket,kg,337.27,321.55428571428575,331.1793333333333,12.1181140940082,-2.91,6.89,-3.92
2026-02-22,Region XIII (Caraga),Meat,Beef Rump,kg,358.86,362.9271428571429,379.97100000000006,19.61455746334216,-4.49,-8.27,-11.47
2026-02-22,Region XIII (Caraga),Vegetables,Bell Pepper (Green),kg,115.63,112.80428571428573,119.088,6.139910366637536,-5.28,1.57,-12.87
2026-02-22,Region XIII (Caraga),Vegetables,Cabbage,kg,75.17,75.44571428571429,76.00299999999999,2.5243820001652972,-0.73,4.75,-9.75
2026-02-22,Region XIII (Caraga),Meat,Chicken (Dressed),kg,239.58,232.98142857142855,231.58566666666667,6.775388363132037,0.6,-1.07,7.12
2026-02-22,Region XIII (Caraga),Vegetables,Eggplant (Talong),kg,79.14,79.12428571428572,76.641,2.3001399507646987,3.24,-0.09,4.05
2026-02-22,Region XIII (Caraga),Fish,Galunggong,kg,211.47,206.58714285714288,208.46666666666667,8.791995706649807,-0.9,4.76,-3.46
2026-02-22,Region XIII (Caraga),Fruits,Mango,kg,135.99,131.4842857142857,128.12433333333334,5.850707403932973,2.62,4.42,5.08
2026-02-22,Region XIII (Caraga),Fruits,Papaya,kg,48.57,48.2,48.896,1.5909845141100376,-1.42,1.67,-4.78
2026-02-22,Region XIII (Caraga),Meat,Pork Belly (Kasim),kg,286.74,278.9485714285714,288.1766666666666,12.889504774557366,-3.2,1.37,-0.39
2026-02-22,Region XIII (Caraga),Meat,Pork Ham (Pigue),kg,388.75,366.65714285714284,362.58733333333333,12.39882445299117,1.12,7.45,6.58
2026-02-22,Region XIII (Caraga),Rice,Rice (Regular Milled),kg,58.5,57.88999999999999,56.663333333333334,2.0016033802814226,2.16,3.87,6.42
2026-02-22,Region XIII (Caraga),Rice,Rice (Special),kg,66.88,67.64999999999999,66.54566666666668,1.7676102771691244,1.66,-3.11,3.75
2026-02-22,Region XIII (Caraga),Rice,Rice (Well Milled),kg,59.57,61.94714285714286,60.248666666666665,2.188095902413983,2.82,-3.87,-1.44
2026-02-22,Region XIII (Caraga),Vegetables,Squash (Kalabasa),kg,50.66,49.978571428571435,49.57466666666666,1.791167473895248,0.81,3.75,2.99
2026-02-22,Region XIII (Caraga),Fish,Tilapia,kg,117.09,118.17142857142856,122.87466666666667,6.253152988601003,-3.83,-6.78,-11.11
2026-02-22,Region XIII (Caraga),Vegetables,Tomato,kg,49.02,49.83142857142858,50.931333333333335,2.2607135482246226,-2.16,0.04,-8.61
2026-02-22,Region XIII (Caraga),Meat,Whole Chicken,kg,193.19,186.15142857142857,189.81866666666667,7.306089917668531,-1.93,4.15,-5.16
